<?xml version="1.0" encoding="utf-8"?>
<Window bktrans="true" size="150,104">
 <Font name="宋体" size="13" bold="false"/>
 <Font name="宋体" size="12"/>
<VerticalLayout bkimage="file='common/menu_bk.png' corner='40,8,8,8'" hole="false">
	<List header="hidden" inset="8,8,8,8" itemhotimage="file='common/menu_hot_bk.png' corner='2,2,2,2'" itemdisabledbkcolor="#20000000">
		<ListContainerElement name="menu_Open" height="22" inset="26,0,0,0" >
			<Label text="打开歌曲所在目录" />
		</ListContainerElement>
		<ListContainerElement name="menu_Delete" height="22" inset="26,0,0,0">
			<Label text="从列表中删除" />
		</ListContainerElement> 
		<ListContainerElement name="menu_Delete_File" height="22" inset="26,0,0,0" >
			<Label text="从硬盘中直接删除" />
		</ListContainerElement>
		<ListContainerElement name="menu_clear" height="22" inset="26,0,0,0" >
			<Label text="全部清空" />
		</ListContainerElement>
	</List>
</VerticalLayout>
</Window>