<?xml version="1.0" encoding="utf-8" standalone="yes" ?>
<Window>
    <ListContainerElement>
        <VerticalLayout>
            <VerticalLayout height="24">
                <HorizontalLayout>
                    <VerticalLayout name="logo_container" width="12" height="24">
                        <Button name="logo" width="8" height="12" padding="1,4,1,4" textcolor="#FF000000" disabledtextcolor="#FFA7A6AA" align="center" />
                    </VerticalLayout>
                    <VerticalLayout>
                        <HorizontalLayout>
                            <Label name="nickname" width="250" textcolor="#000080FF" disabledtextcolor="#000080FF" />
                            <Label name="description" textcolor="#000080FF" disabledtextcolor="#FFA7A6AA" />
                        </HorizontalLayout>
                    </VerticalLayout>
                </HorizontalLayout>
            </VerticalLayout>
        </VerticalLayout>
    </ListContainerElement>
</Window>
